{
  "name": "midnight-gambit",
  "title": "Midnight Gambit",
  "type": "system",
  "version": "1.1.2",
  "author": "Vaughn Gallagher / Killiyan",
  "description": "A custom system for high-stakes narrative action.",
  "esmodules": ["midnight-gambit.js"],
  "manifest": "https://raw.githubusercontent.com/Killiyan/midnight-gambit/main/system.json",
  "download": "https://github.com/Killiyan/midnight-gambit/releases/download/v1.1.2/midnight-gambit.zip",
  "url": "https://github.com/Killiyan/midnight-gambit/",
  "styles": [
    "css/style.css",
    "https://fonts.googleapis.com/css2?family=Oswald:wght@200..700&family=Roboto:ital,wght@0,100..900;1,100..900&display=swap"
  ],
  "scripts": [
    "https://kit.fontawesome.com/44ed447bce.js"
  ],
  "compatibility": {
    "minimum": "11",
    "verified": "11"
  },
  "system": {
    "gridDistance": 5,
    "gridUnits": "ft",
    "primaryTokenAttribute": "strain.mortal",
    "actorTypes": ["character"],
    "itemTypes": ["guise", "weapon", "armor", "misc", "gambit", "asset"]
  },
  "config": {
    "actorTypes": {
      "character": {
        "label": "Character"
      },
      "crew": {
        "label": "Crew"
      }
    },
    "itemTypes": {
      "guise": { "label": "Guise" },
      "weapon": { "label": "Weapon" },
      "armor": { "label": "Armor" },
      "misc": { "label": "Misc" },
      "move": { "label": "Move" },
      "asset":  { "label": "Asset" }
    }
  },
  "packs": [
    {
      "name": "guises",
      "label": "Midnight Gambit Guises",
      "system": "midnight-gambit",
      "path": "packs/guises.db",
      "type": "Item",
      "private": false
    },
    {
      "name": "gambits",
      "label": "Midnight Gambit Gambits",
      "system": "midnight-gambit",
      "path": "packs/gambits.db",
      "type": "Item",
      "private": false
    },
    {
      "name": "moves",
      "label": "Midnight Gambit Moves",
      "system": "midnight-gambit",
      "path": "packs/moves.db",
      "type": "Item",
      "private": false
    },
    {
      "name": "items",
      "label": "Midnight Gambit Items",
      "system": "midnight-gambit",
      "path": "packs/items.db",
      "type": "Item",
      "private": false
    }
  ]
}
