{
	"Actor": {
	"types": [
		"character",
		"npc",
		"crew"
	],

	"crew": {
		"type": "crew",
		"name": "New Crew",
		"system": {
			"party": {
				"members": [],
				"cache": {}
			},
			"initiative": {
				"order": []
			},
			"lux": 0,
			"bio": {
				"lookAndFeel": "",
				"weakness": "",
				"location": "",
				"features": "",
				"tags": []
			},
			"gambits": {
				"deck": [],
				"drawn": [],
				"discard": [],
				"handSize": 3
			},
			"tier": 1
		}
	}
	},

	"Item": {
		"types": ["guise", "weapon", "armor", "misc", "gambit", "move", "asset"],
		"weapon": {
			"system": {
				"description": "",
				"tags": [],
				"quantity": 1,
				"equipped": false,
				"mortalStrainDamage": 0,
				"soulStrainDamage": 0,
				"strainDamage": 0
			}
		},
		"armor": {
			"system": {
				"description": "",
				"tags": [],
				"quantity": 1,
				"equipped": false,
				"mortalCapacity": 0,
				"soulCapacity": 0
			}
		},
		"misc": {
			"system": {
				"description": "",
				"tags": [],
				"quantity": 1,
				"equipped": false,
				"mortalStrainDamage": 0,
				"soulStrainDamage": 0,
				"strainDamage": 0,
				"mortalCapacity": 0,
				"soulCapacity": 0
			}
		},
		"gambit": {
			"system": {
				"description": "",
				"tier": "rookie",
				"tags": [],
				"used": false
			}
		},
		"move": {
			"description": "",
			"tags": []
		},
		"asset": {
		"system": {
			"description": "",
			"tags": [],
			"qty": 1,
			"notes": ""
		}
		}
	},

	"type": "character",
	"name": "New Character",
	"system": {
		"edgeNext": false,
		"attributes": {
			"tenacity": 0,
			"finesse": 0,
			"resolve": 0,
			"guile": 0,
			"instinct": 0,
			"presence": 0
		},
		"skills": {
			"brawl": 0,
			"endure": 0,
			"athletics": 0,
			"aim": 0,
			"stealth": 0,
			"sleight": 0,
			"will": 0,
			"grit": 0,
			"lore": 0,
			"investigate": 0,
			"deceive": 0,
			"spark": 0,
			"survey": 0,
			"hunt": 0,
			"nature": 0,
			"command": 0,
			"charm": 0,
			"perform": 0
		},
		"strain": {
			"mortal": 0,
			"soul": 0,
			"mortal capacity": 0,
			"soul capacity": 0,
			"manualOverride": {
				"mortal capacity": false,
				"soul capacity": false
			}
		},
		"sparkSlots": 0,
		"sparkUsed": 0,
		"riskDice": 5,
		"riskUsed": 0,
		"crew": "",
		"gambits": {
			"deck": [],
			"drawn": [], 
			"locked": false,
			"maxDeckSize": 3,
			"maxDrawSize": 3
		},
		"class": "class placeholder",
		"level": 1,
		"load": "light",
		"flashbackUsed": false,
		"casterType": null,
		"sparkSchool1": "",
		"sparkSchool2": "",
		"journal": {
			"traits": "",
			"race": "",
			"sex": "",
			"appearance": "",
			"ideals": "",
			"bonds": "",
			"flaws": ""
		}
	}
}
